Materialnummer,Kurztext,Einkaufsbestelltext
108511,"O-Ring 34,00x3,50mm 70 Shore","O-Ring
34,00 x 3,50 mm
70° Shore"
135816,Mutter M36x2 DIN934-8 Feinge.schw,"Sechskantmutter
M36X2 DIN 934-8 Feinge.schw"
109464,"O-Ring 34,00x3,00mm 70 Shore","O-Ring
34,00 x 3,00 mm
70° Shore"
113592,Wellendichtring 35x62x12 BASL,"Wellendichtring
35x62x12
BASL"
113596,Wellendichtring 35x62x5 BASL,"Wellendichtring
35 x 62 x 5mm
BASL"
123911,Mutter M36 DIN934-8 verz.,"Sechskantmutter
M36 DIN 934-8 verz."
516718,"O-Ring 33,30x2,40mm Viton FPM","O-Ring
33,30x2,40mm
Viton FKM/FPM"
105755,Schraube M12x30 DIN933 5.6 verz.,"Sechskantschraube mit Gewinde bis Kopf
DIN 933
M12x30
5.6
verzinkt"
105772,Schraube M6x25 DIN933 5.6 verz.,"Sechskantschraube mit Gewinde bis Kopf
DIN 933
M6x25
5.6
verzinkt"
106064,Schraube M10x120 DIN603 4.6 verz.,"Flachrundschraube mit Vierkantansatz
DIN 603
M10x120
4.6
verzinkt"
106075,Schraube 12x180 DIN571 4.6 verz.,"Sechskant - Holzschraube
DIN 571
12x180
4.6
galvanisch verzinkt"
105767,Schraube M6x30 DIN933 5.6 verz.,"Sechskantschraube mit Gewinde bis Kopf
DIN 933
M6x30
5.6
verzinkt"
106060,Schraube M20x260 DIN931 8.8 verz.,"Sechskantschraube mit Schaft
M20x260
DIN 931
8.8
verzinkt"
165212,Servomotor 373E45402022050FG,"Servomotor
Hersteller                   BAELZ
Typbezeichnung               373.220V
                             373.E45-40-20-220-50-Fg
Schubkraft                   4.000,00 N
Geschwindigkeit:             20,00 mm/min
Schutzart                    IP65
Bedienung                    Manuell
Potentiometer                200 Ohm
Ventil Hub                   12mm
Art.Nr.:                     00.373-E40-40-20-001"
380433,Mutter M36 DIN982-8 verz.,"Sechskantmutter mit Polyamidklemmteil
hohe Form
M36
DIN 982-8
verzinkt"
1536696,Servomotor 30PM068,"Servomotor
Hersteller                     SIBONI
Typbezeichnung                 30PM068
Leistung [kW]                  45,000 W
N1 Antriebsdrehzahl            1.950,00 1/min
Antriebsmoment                 0,22 NM
Spannung [50Hz]                24
Isolierklasse                  F
Schutzart                      IP44"
790947,"Kettenrad B-2 1"" Z16 d=50mm","Kettenrad
B-2 1"" Z16 geb.50mm
DIN 8187"
790948,"Kettenrad B-2 1"" Z16 d=75mm","Kettenrad
B-2 1""
Z = 16
geb.75mm
DIN 8187"
790955,"Kettenrad B-1 5/8"" Z13 K 9183-4.2.3","Kettenrad
B-1 5/8"" Z13
K 9183-4.2.3
DIN 8187"
1602710,"O-Ring 34,00x3,00mm NBR 90 Shore A","O-Ring
34,00 x 3,00 mm
WST: NBR
90° Shore A"
1188016,Servomotor AM80520J210000,"Servomotor
Hersteller                     BECKHOFF
Typbezeichnung                 AM8052-0J21-0000
Leistung                       2,890 kW
N1 Antriebsdrehzahl            4.000,00 1/min
Antriebsmoment                 8,20 NM
Spannung                       400V
Strom                          6,3 A
Isolierklasse                  F
Schutzart                      IP54
Motor-Bremse                   24V DC 18W
Thermo KTY                     Ja
Art.Nr.:                       138325"
1188127,Servomotor AM80330E210000,"Servomotor
Hersteller                     BECKHOFF
Typbezeichnung                 AM8033-0E21-0000
Leistung                       0,940 kW
N1 Antriebsdrehzahl            3.000,00 1/min
Antriebsmoment                 3,20 Nm
Spannung                       400V
Strom                          2,1 A
Isolierklasse                  F
Schutzart                      IP54
Motor-Bremse                   24V DC 12W
Thermo KTY                     Ja
Art.Nr.:                       139774"
1194011,"O-Ring 33,0x5,0mm Viton FPM 80 Shore","O-Ring
33,00 x 5,00mm
WST: Viton FPM
80° Shore"
831460,Servomotor AB8 AM40 SCHIEBEL,"Servomotor
Hersteller                     SCHIEBEL
Typbezeichnung                 AB8 AM40 2WER 2WEL H AK40 K2
Motorleistung                  0,750 kW
Antriebsdrehzahl N1            40,00 1/min
Antriebsmoment                 90,00 NM"
1557024,Schraube M6x30 DIN835 8.8 verz.,"Stiftschraube mit Einschraubende
M6 x 30
DIN 835
8.8
verzinkt"
1557333,Schraube M6x35 DIN835 8.8 verz.,"Stiftschraube mit Einschraubende
M6 x 35
DIN 835
8.8
verzinkt"
1557420,Schraube M6x50 DIN835 8.8 verz.,"Stiftschraube mit Einschraubende
M6 x 50
DIN 835
8.8
verzinkt"
1525379,Servomotor AM8052-1J21-9000,"Servomotor
Hersteller                     BECKHOFF
Typbezeichnung                 AM8052-1J21-9000
N1 Antriebsdrehzahl            4,000.00 1/min
Spannung                       400V
Bauform                        B5
Isolierklasse                  F
Schutzart                      IP54
Art.Nr.:                       10779584"
1525406,Servomotor AM8043-0H20-0000,"Servomotor
Hersteller                     BECKHOFF
Typbezeichnung                 AM8043-0H20-0000
N1 Antriebsdrehzahl            5,000.00 1/min
Spannung                       400V
Bauform                        B5
Isolierklasse                  F
Schutzart                      IP54
Art.Nr.:                       10802980"
1525446,Servomotor AM8051-1G21-9000,"Servomotor
Hersteller                     BECKHOFF
Typbezeichnung                 AM8051-1G21-9000
N1 Antriebsdrehzahl            5,000.00 1/min
Spannung                       400V
Bauform                        B5
Isolierklasse                  F
Schutzart                      IP54
Art.Nr.:                       10802210"
1525455,Servomotor AM8043-0E20-0000,"Servomotor
Hersteller                     BECKHOFF
Typbezeichnung                 AM8043-0E20-0000
N1 Antriebsdrehzahl            2,500.00 1/min
Spannung                       400V
Bauform                        B5
Isolierklasse                  F
Schutzart                      IP54
Art.Nr.:                       10765906"
1552839,PN-Schlauch PUN-8-BL-400-HA FESTO,"Kunststoffschlauch
PUN-8-BL-400-HA
553573
FESTO"
1559995,Schraube M20x100 DIN931 8.8 schw.,"Sechskantschraube mit Schaft
M20 x 100
DIN 931
8.8
schwarz"
1521517,Modul 3SU1400-1AA10-3HA0 SIEMENS,"Kontaktmodul
3SU1400-1AA10-3HA0
SIEMENS"
1384853,Servomotor 1FK71055AY811YY3Z,"Servomotor
Hersteller                     KUKA
Typbezeichnung                 1FK7105-5AY81-1YY3-Z
Leistung                       4,300 kW
N1 Antriebsdrehzahl            3.000,00 1/min
Drehzahl max.                  5.000,00 1/min
Spannung                       203 V
Nennstrom                      15,5 A
Isolierklasse                  F
Schutzart                      IP65
Art.Nr.:                       131491"
1384893,Servomotor 1FK71035AF811YY3Z,"Servomotor
Hersteller                     KUKA
Typbezeichnung                 1FK7103-5AF81 1YY3-Z
Leistung                       6,900 kW
N1 Antriebsdrehzahl            3.000 1/min
Drehzahl max.                  5.000 1/min
Spannung                       156 V
Nennstrom                      17 A
Isolierklasse                  F
Schutzart                      IP65
Art.Nr.:                       131492"
1412376,Servomotor 1FK71035AY711SY3Z,"Servomotor
Hersteller                     KUKA
Typbezeichnung                 1FK7103-5AY71-1SY3-Z
Leistung                       6,600 kW
N1 Antriebsdrehzahl            3.000,00 1/min
Spannung                       209V
Isolierklasse                  F
Schutzart                      IP65"
1357597,O-Ring 330x7mm 70 Shore 15610.0019 JAUDT,"O-Ring
330,00 x 7,00mm
70° Shore
15610.0019
JAUDT"
1679593,Servomotor 5/2.720.001.002,"Servomotor
Herstellerteilenummer:          XXX_ESITRON
Hersteller:                     ESITRON
Typbezeichnung:                 5/2.720.001.002
N1 Antriebsdrehzahl:            3.000,00 1/min
Antriebsmoment:                 0,50 NM
Spannung:                       48V DC"
1731540,"O-Ring 330,30x5,70mm FPM 70 Shore A","O-Ring
330,30 х 5,70 mm
WST: FPM
70° Shore A"
1348000,Relais 3RU2126-4DB1 20-25A SIEMENS,"Überlastrelais
3RU2126-4DB1
20-25A
SIEMENS"
1610187,"Getriebe  R47A i=12,54","Getriebe
Hersteller:                     SEW
Typbezeichnung:                 R87/A
N1 Antriebsdrehzahl:            1.400,00 1/min
N2 Abtriebsdrehzahl:            73,00 1/min
Drehmoment:                     520,00 NM
Getriebeübersetzung i:          19,100
Bauform:                        M1
Getriebeausführung:             Stirnradgetriebe"
1619853,Mutter M36x2 DIN439-04 verz.,"Sechskantmutter niedrig
M36 x 2
DIN 439-04
verzinkt"
1492093,Mutter M36 DIN982-8 A2,"Sechskantmutter mit Klemmteil
hohe Form
M36
DIN 982-8
A2
Edelstahl"
790444,"Kettenrad B-3 1 1/2"" Z20 vorg.gehae.","Kettenrad B-3 1 1/2"" Z20
Vorgebohrt gehaertet"
682544,"Kettenrad B-2 1 1/4"" Z25 TLB 3030","Kettenraeder fuer Zweifach-Rollenkette
1 1/4"" Z25 fuer TL 3030"
320240,Wellendichtring 35x62x10 NBR/VA B,"Wellendichtring
35x62x10
Form B
NBR/VA
DOMSEL"
791463,Kettenrad 12B-1 Z13 d=18 m.Nut gehae.,"Kettenrad gehärtet
12B-1
Z = 13
D = 18mm
mit Nut
M6"
791945,"Kettenrad B-1 1 1/2"" Z34 TLB 3030 gehae.","Kettenrad einfach
1 1/2"" Z34 TL3030 vorbereitet
Nabenüberstand 25/27
Zahnkranz gehärtet"
793260,Kettenrad KR16B-1 Z20 G-35/60SK,"Kettenrad KR16B-1 Z=20G-35/60SK
1"" x 17,02 x 15,88mm
DIN 8187, z=20
passend zur Einfach-Rollenkette DIN 8187,
Typ 16B-1, 20 Zähne,
mit eingefrästen Schmutzkerben,
Nabenlänge 45 mm, symetrisch,
Nabendurchmesser 85 mm, Bohrungsdurchmesser 35 mm H7
15mm tief, Bohrungsdurchmesser 60 mm H7,
30 mm tief für Ringspannelement 3560, einteilig,
Zähne gehärtet
FB KETTEN"
949599,"O-Ring 33,05x1,78mm NBR70 Shore","O-Ring
33,05 x 1,78
70 Shore
NBR"
994445,"Mutter M36x1,5 DIN439-04 verz.","Sechskantmutter niedrig
M30 x 1,5
DIN 439-04
verzinkt"
973456,"O-Ring 33,50x2,00mm N 01095200 KSB","O-Ring
33,5 x 2,0mm
N
01095200
KSB"
1060050,Schraube M30x240 DIN912 12.9 schw.,"Zylinderschraube mit Innensechskant
M30 x 240
DIN 912
12.9
schwarz"
1060906,Schraube M12x60 DIN603 8.8 verz.,"Flachrundschraube mit Vierkantansatz
DIN 603
M12x60
8.8
verzinkt"
1061069,Schraube M12x100 DIN603 8.8 verz.,"Flachrundschraube mit Vierkantansatz
DIN 603
M12x100
8.8
verzinkt"
1061095,Schraube M12x40 DIN603 8.8 verz.,"Flachrundschraube mit Vierkantansatz
M12x40
DIN 603
8.8
verzinkt"
1067934,PN-Zylinder ADN-25-25-I-P-A 536263 FESTO,"Kompaktzylinder
ADN-25-25-I-P-A
536263
FESTO"
1357632,PN-Zylinder ADN-25-40-A-P-A 536257 FESTO,"Kompaktzylinder
ADN-25-40-A-P-A
536257
FESTO"
791559,Kettenrad 3-518-11-0150 HOMAG,"Kettenrad gehärtet
10B-1
Z = 14
D35+K 1:12
3-518-11-0150
HOMAG"
1061094,Schraube M12x70 DIN603 8.8 verz.,"Flachrundschraube mit Vierkantansatz
DIN 603
M12x70
8.8
verzinkt"
785291,Getriebe  K2L30080WP71111LUR,"Getriebe
Getriebehersteller             NOVENTAS
Getriebetyp                    K2L30080WP71111LUR
Herstellerserialnummer         01991249
Antriebsmoment (max)           45.000,00 NM
Übersetzung i                  71,900
Vorpressengetriebe K2L 30080 WP 71- 111/LUR
Technische Daten:
Antriebsmotor: 1PH7 224 (Siemens)
Motorleistung: 110 KW
Motorendrehzahl: 1750 min^-1
Min. Motordrehzahl: 51,42 min^-1
Max Motordrehzahl: 2571 min^-1
Feldschwächung
Getriebeuntersetzung I:71,9
Min. Abtriebsdrehzahl n2: 0,72 min^-1
Max. Abtriebsdrehzahl n2: 35,76 min^-1
Abtriebsmoment T2n: 40981 NM
Max. Anfahrmoment T2n:40981 NM
Einbaulage: Waagerecht
Incl. Hohlwelle D=150mm/140mm
Schrumpfscheibe
Befestigungsflansch fuer Momentenstuetze
(Ausführung wie A441.03.60)
Anschlussmasse Drehmomentstuetze:
Mass von Aussenkante Schrumpfscheibe bis Anschraubflaeche
Drehmomentstuetze:150 mm
Aussendurchmesser: 540mm
Lochkreisdurchmesser: 510mm
Bohrungsdurchmesser: 18mm
Teilung:24 X 15 Grad
Zentrierdurchmesser: 460mm
Drehmomentstuetze Lieferumfang SICO
Getriebeausführung bei Blick auf Hohlwelle:
Anbau Motor / Bremse : links
Drehrichtung : rechts
Bremsenhersteller: Deutsche van Rietschoten u. Houwens
Bremszange: 100.406.01(100 prozent Feder/280NM)
Bremsscheibe : D348 x 12,7 mm
Bremsenansteuerung: SK 9769/Ventilspannung 24V DC
Ueberwachungseinheit: SK0303/Initiator Fa. Pepperl und Fuchs 24VDC
Oelschmierung: Klüber Syntheso D100 EP
Geeignet fuer den Betrieb in Zone 22 nach EN 1127
Geraetekennzeichnung: II3D
Max. zulaessige Oberflaechentemperatur: 205 Grad C
No: W11351
Ident.Nr.:01991249
Auftragsnummer: 7070360/V8223801
Siempelkamp Teilenummer1: 01991249"
880349,Wellendichtring 35x62x8 BAUMSL Viton,"Wellendichtring
35x62x8
BAUMSL Viton"
969889,Servomotor 1FK71035AF711AH3Z,"Servomotor
Hersteller                     SIEMENS
Typbezeichnung                 1FK71035AF711AH3Z
Antriebsdrehzahl N1            3.000,00 1/min
Antriebsmoment                 36,00 NM
Isolierklasse                  F
Schutzart                      IP64"
948139,Wellendichtring 35x62x7 B1SL,"Wellendichtring
35x62x7
B1SL"
1163299,Thermistor 3RN1011-1BB00 SIEMENS,"Thermistor-Motorschutz
3RN1011-1BB00
SIEMENS"
194655,Servomotor 373E11Z2006S21,"Servomotor
Hersteller                BAELZ
Typbezeichnung            373 E11 Z-20-06-S21
Antriebsmoment            2000 Nm
Antriebsdrehzahl          6mm/min
Spannung                  230 V - 115 V
Isolierklasse             0-50°C - 0-75°C
Schutzart                 IP44"
195604,Servomotor 1FT60621AH713AH1,"Synchron-Servomotor Drehantrieb
Hersteller                     SIEMENS
Typbezeichnung                 1FT6062-1AH71-3AH1
Mo:                            5,0 / 6,0Nm
Mh:                            3,6Nm
Antriebsdrehzahl N1            4.500,00 1/min
Spannung                       288V
Motorbremse                    24V / 17W"
195609,GT-Motor KA37DRS80S4TH,"Getriebemotor
Hersteller                     SEW
Typbezeichnung                 KA37DRS80S4/TH
Motorleistung                  0,750 kW
Antriebsdrehzahl N1            1.400,00 1/min
Abtr.Drehzahl N2               206,00 1/min
Spannung                       230D/400Y
Bauform                        M4B
Isolierklasse                  F
Schutzart                      IP54
Ausführungsart                 Hohlwelle
Hohlwelle                      d = 30mm"
185876,"Kette 081 12,70 1/2""x3,30mm DIN8187","Rollenkette
081
Teilung: 12,70mm (1/2"")
Innere Breite: 3,30mm
DIN 8187"
234932,"O-Ring 33,30x2,40mm Viton FPM 85 Shore","O-Ring
33,30 x 2,40mm
WST: Viton FKM/FPM
85° Shore"
680283,"Kettenrad B-2 5/8"" Z30 vorg.gehae.","Kettenrad
für Zweifach-Rollenkette B-2
5/8""
Z = 30
vorgebohrt
Zahnkranz gehärtet"
196043,GT-Motor FA77DV100L4,"Getriebemotor
Hersteller                     SEW
Typbezeichnung                 FA77DV100L4
Motorleistung                  3,000 kW
Antriebsdrehzahl N1            1.400,00 1/min
Abtr.Drehzahl N2               37,00 1/min
Spannung                       230D/400Y
Bauform                        M1
Isolierklasse                  F
Schutzart                      IP54"
242080,Mutter M8 DIN928 schw.,"Anschweißmutter
M8
DIN 928 schwarz"
319064,PN-Zylinder ADN-25-30-A-P-A 536256 FESTO,"Kompaktzylinder
ADN-25-30-A-P-A
536256
FESTO"
319065,PN-Zylinder ADN-25-50-A-P-A 536258 FESTO,"Kompaktzylinder
ADN-25-50-A-P-A
536258
FESTO"
155947,Schraube M8x30 DIN912 10.9 schw.,"Zylinderschraube mit Innensechskant
M8 x 30
DIN 912
10.9
schwarz"
191195,Lager 2217 KC3 SKF,"Lager
2217 KC3
SKF"
420800,Servomotor 1PH71072HF030BB3,"Servomotor
Typbezeichnung                  1PH7107-2HF03-0BB3
Motorleistung                   9,000 kW
Antriebsdrehzahl N1             1.780,00  1/min
Bauform                         B35
Spannung                        400D
Frequenz                        60 Hz
Isolierklasse                   F
Schutzart                       IP54
Motorbremse                     keine Bremse
Motorgeber                      rel HTL 1024 INKU
mit zusätzlichem Wellendichtring im Lagerdeckel versehen"
420802,"Servomotor 1PH7103-2HF03  5,5kW  1500","Servomotor 1PH7103-2HF03-0BB3
1.Leistung                      5,5 kW
1.Antr.Drehzahl                 1.780,0  1/min
Bauform                         Fuß-/Flanschausführung B35
Spannung                        400D
Frequenz                        60 Hz
Isolierklasse                   Iso-Kl.:F (tmax=155°C)
Schutzart                       IP54-Staubablag./Spritzwasser
Motorbremse                     keine Bremse
Motorgeber                      rel HTL 1024 INKU"
420764,Servomotor 1PH7133-2HF03-0BB3,"Servomotor 1PH7133-2HF03-0BB3
1.Leistung                      15,00 kW
1.Antr.Drehzahl                 1.780,0  1/min
Bauform                         Fuß-/Flanschausführung B35
Spannung                        400D
Frequenz                        60 Hz
Isolierklasse                   Iso-Kl.:F (tmax=155°C)
Schutzart                       IP54-Staubablag./Spritzwasser"
675608,"Kettenrad B-2 1 1/4"" Z23 TLB 3030 gehae.","Kettenrad für Zweifach-Rollenkette
1 1/4"", Z23, für TL 3030
Zahnflanken gehärtet"
680363,Kettenrad KR90D100 Z10 d=85H7,"Kettenrad
KR90D100
Z = 10
10 Zähne, Zahnbreite 11 mm, nach oben verlängert
Rollendurchmesser 45mm
Nabengesamtlänge 71 mm, einseitig
Nabendurchmesser 130mm
aus S152-3, ungehärtet, mit Bohrung 85H7 ohne Nut"
680364,Kettenrad KR90D100 Z10 d=90H7,"Kettenrad
KR90D100
Z = 10
10 Zähne, Zahnbreite 11 mm, nach oben verlängert
Rollendurchmesser 45mm
Nabengesamtlänge 71 mm, einseitig
Nabendurchmesser 130mm
aus S152-3, ungehärtet, mit Bohrung 90H7 ohne Nut"
1041380,Servomotor 21586-088.34-3233-1 BUETTNER,"Servomotor
21586-088.34-3233-1
BUETTNER"
1124393,Servomotor 1FT60616AF713TA0,"Servomotor 		
Hersteller               Siemens		
Typenbezeichnung         1FT6061-6AF71-3TA0		
Motorleistung            1,100 kW		
Antriebsdrehzahl         3,000,00 1/min		
Spannung                 400V		
Bauform                  B5		
Isolierklasse            F		
Schutzart                IP64		
Leistungs-Signalstecker  Axial BS		
Resolver                 2-polig P=1"
1060266,Schraube M10x60H DIN444B 8.8,"Augenschraube
M10 x 60H
DIN 444B
10001815
VARISCO"
1082236,"O-Ring 339,30x5,70mm NBR70 Shore","O-Ring
339,3 x 5,7mm
WST: NBR
70 Shore"
1059959,Schraube M36x3x240 DIN912 12.9 schw.,"Zylinderschraube mit Innensechskant
M36 x 3 x 240
DIN 912
12.9
schwarz"
1779278,Mutter M36 LH 00746249 SIEMPELKAMP,"Sechskantmutter
M36 LH
Pos. 31
00746249
SIEMPELKAMP"
542920,Wellendichtring 35x62x7 B1,"Wellendichtring
35x62x7
B1"
1058976,Schraube M20x130 DIN938 8.8 schw.,"Stiftschraube
M20 x 130
DIN 938
8.8
schwarz"
944480,Mutter M8 DIN6923 8.8 verz.,"Mutter
M8
DIN 6923
8.8
verzinkt"
1057364,Schraube M12x40 DIN6912 10.9 schw.,"Zylinderschraube mit Innensechskant
M12 x 40
DIN 6912
10.9
schwarz"
1539074,Servomotor AG04B,"Servomotor
Hersteller                     PSE
Typbezeichnung                 AG04B
Leistung                       0,160 kW
Spannung [50Hz]                24V DC
Strom                          6,6 A"
1609205,PN-Zylinder ADN-25-40-I-P-A 536265 FESTO,"Kompaktzylinder
ADN-25-40-I-P-A
536265
FESTO"
145475,Wellendichtring 35x65x12 BASL,"Wellendichtring
35x65x12
BASL"
372397,Wellendichtring 35x62x10 BASL Viton,"Wellendichtring
35x62x10
BASL Viton"
114625,Wellendichtring 35x62x8 BASL,"Wellendichtring
35x62x8
BASL"
1908674,Lager 23224 CC/W33-C4 SKF,"Lager
23224
CC/W33-C4
SKF"
1891990,"O-Ring 34,00x3,00mm EPDM 70Sh perox","O-Ring
34,00x3,00mm
EPDM 70Sh perox
900060128
KRONES"
1892207,Lager 180x225x22mm 61836 SKF,"Lager
180x225x22mm
61836
SKF"
1892208,Lager 215x170x22mm 61834 SKF,"Lager
215x170x22mm
61834
SKF"
1904110,Lager YAR214 SKF,"Lager
YAR214
SKF"
1904114,Lager BS222222RS5VT143 SKF,"Lager
BS222222RS5VT143
SKF"
1904384,Lager 22316 EKC3W33 SKF,"Lager
22316 EKC3W33
SKF"
1904317,Lager 23940 CC/W33 SKF,"Lager
23940 CC/W33
SKF"
1904136,Lager 22228CCK SKF,"Lager
22228CCK
SKF"
1904133,Lager 23134 E1AM SKF,"Lager
23134 E1AM
SKF"
1904125,Lager 23130CCK SKF,"Lager
23130CCK
SKF"
1904111,Lager YAT203 SKF,"Lager
YAT203
SKF"
1904527,Lager 16010 SKF,"Lager
16010
SKF"
1904501,Lager 2208EKTN9C3 SKF,"Lager
2208EKTN9C3
SKF"
1904434,Lager 23230 CCW33C3 SKF,"Lager
23230 CCW33C3
SKF"
1904371,"O-Ring 33,3mm 90Sh FKM NBR","O-Ring
33,3mm
90Sh
FKM NBR"
1904489,Lager 6313/C4 SKF,"Lager
6313/C4
SKF"
1909946,O-Ring 33x2-FKM80 0009632305 LINDE,"O-Ring
33x2-FKM80
0009632305
LINDE"
1910244,"Mutter M36x1,5-17H 9218201324 LINDE","Mutter
M36x1,5-17H
9218201324
LINDE"
1870121,Lager 61903 2Z SKF,"Rillenkugellager
61903 2Z
SKF"
1890173,"O-Ring 33,3x2x4mm NBR70 0009632319 LINDE","O-Ring
33,3 x 2 x 4 mm
NBR70
0009632319
LINDE"
1910471,"Mutter M36x1,5 DIN935-1 Stahl schw.","Kronenmutter
M36 x 1,5
DIN 935-1
6 Automatenstahl
schwarz"
1963315,GT-Motor FH77DRU100L4TF,"Getriebemotor
Hersteller:                     SEW
Typbezeichnung:                 FH77DRU100L4TF
Leistung [kW]:                  2,200 kW
N1 Antriebsdrehzahl:            1.464,00 1/min
N2 Abtriebsdrehzahl:            20,00 1/min
Getriebeübersetzung i:          75,020
Spannung [50Hz]:                230D/400Y
Bauform:                        M1
Baugröße:                       100L  (H=100mm/Gehäuseausf.:L)
Isolierklasse:                  Iso-Kl.:F (tmax=155°C)
Schutzart:                      IP65-Staubdicht/Strahlwasser
Fremdlüfter:                    Nein
Motor-Bremse:                   Nein
Energieeffizienzklasse:         IE4 Super Premium Efficiency
Motorvollschutz (Thermofühler): Ja"
1963319,GT-Motor R147DRN180M4,"Getriebemotor
Hersteller:                     SEW
Typbezeichnung:                 R147DRN180M4
Leistung [kW]:                  18,500 kW
Antriebsmoment (max):           13.000,00 NM
Antriebsmoment (nenn):          6.320,00 NM
N1 Antriebsdrehzahl:            1.478,00 1/min
N2 Abtriebsdrehzahl:            28,00 1/min
Getriebeübersetzung i:          52,870
Spannung [50Hz]:                400D/690Y
Bauform:                        M1
Isolierklasse:                  Iso-Kl.:B (tmax=130°C)
Schutzart:                      IP54-Staubablage/Spritzwasser
Energieeffizienzklasse:         IE3 Premium Efficiency"
1963324,GT-Motor KA19BTDRN80MK4EK8SPK,"Getriebemotor
Hersteller:                     SEW
Typbezeichnung:                 KA19BTDRN80MK4EK8SPK
Leistung [kW]:                  0,550 kW
Antriebsmoment (max):           80,00 NM
N1 Antriebsdrehzahl:            1.745,00 1/min
N2 Abtriebsdrehzahl:            218,00 1/min
Getriebeübersetzung i:          8,010
Spannung [50Hz]:                220-240D/380-415Y
Bauform:                        M2A
Isolierklasse:                  Iso-Kl.:B (tmax=130°C)
Schutzart:                      IP54-Staubablage/Spritzwasser
Bremsgroesse:                   NM30/24
Energieeffizienzklasse:         IE3 Premium Efficiency"
1963334,GT-Motor DRN71M4BE05FTTH,"Getriebemotor
Herstellerteilenummer:          XXXX_SIEMPELKAMP
Hersteller:                     SEW
Typbezeichnung:                 DRN71M4BE05FTTH
Leistung [kW]:                  0,370 kW
Antriebsmoment (max):           56,00 NM
Antriebsmoment (nenn):          19,00 NM
N1 Antriebsdrehzahl:            1.415,00 1/min
Bauform:                        M1
Schutzart:                      IP55-Staubablage/Strahlwasser
Bremsgroesse:                   24 DC
Energieeffizienzklasse:         IE3 Premium Efficiency
Motorvollschutz (Thermofühler): Ja"
1963347,GT-Motor 404157,"Getriebemotor
Hersteller:                     OTT
Typbezeichnung:                 404157
Antriebsmoment (max):           4,00 NM
Antriebsmoment (nenn):          0,50 NM
N1 Antriebsdrehzahl:            540,00 1/min
Spannung [50Hz]:                24
Schutzart:                      IP30-Fremdkörp>2,5mm/kein Wass
Fremdlüfter:                    Nein
Motor-Bremse:                   Nein
Energieeffizienzklasse:         Unbekannt
Motorvollschutz (Thermofühler): Nein"
1963354,GT-Motor SA47DRE90M4,"Getriebemotor
Hersteller:                     SEW
Typbezeichnung:                 SA47DRE90M4
Leistung [kW]:                  1,100 kW
Antriebsmoment (nenn):          120,00 NM
N1 Antriebsdrehzahl:            1.420,00 1/min
N2 Abtriebsdrehzahl:            73,00 1/min
Getriebeübersetzung i:          19,540
Spannung [50Hz]:                220-242D/380-420Y
Bauform:                        M1A
Isolierklasse:                  Iso-Kl.:F (tmax=155°C)
Schutzart:                      IP55-Staubablage/Strahlwasser
Energieeffizienzklasse:         IE2 High Efficiency"
1963323,GT-Motor WAF30DRN80MK4TH,"Getriebemotor
Hersteller:                     SEW
Typbezeichnung:                 WAF30DRN80MK4TH
Leistung [kW]:                  0,550 kW
N1 Antriebsdrehzahl:            1.435,00 1/min
N2 Abtriebsdrehzahl:            175,00 1/min
Getriebeübersetzung i:          8,200
Spannung [50Hz]:                220-240D/380-415Y
Bauform:                        M5A
Isolierklasse:                  Iso-Kl.:F (tmax=155°C)
Schutzart:                      IP55-Staubablage/Strahlwasser
Energieeffizienzklasse:         IE3 Premium Efficiency
Motorvollschutz (Thermofühler): Ja"
1963351,GT-Motor R60DT80K4TF,"Getriebemotor
Hersteller:                     SEW
Typbezeichnung:                 R60DT80K4TF
Leistung [kW]:                  0,550 kW
N1 Antriebsdrehzahl:            1.380,00 1/min
N2 Abtriebsdrehzahl:            48,00 1/min
Getriebeübersetzung i:          28,750
Spannung [50Hz]:                220D/380Y
Bauform:                        B3
Isolierklasse:                  Iso-Kl.:B (tmax=130°C)
Schutzart:                      IP55-Staubablage/Strahlwasser
Motorvollschutz (Thermofühler): Ja"
1835317,Touch Panel 6AV2128-3MB06-0AX1 SIEMENS,"Touch Panel
12""
6AV2128-3MB06-0AX1
SIEMENS"
1895328,Lager 7306 BE-2RZP SKF,"Schrägkugellager
7306 BE-2RZP
SKF"
1957734,GT-Motor S37DRN63M4TH,"Getriebemotor
Hersteller:                     SEW
Typbezeichnung:                 S37 DRN63M4/TH
Leistung [kW]:                  0,180 kW
N1 Antriebsdrehzahl:            1.375,00 1/min
N2 Abtriebsdrehzahl:            126,00 1/min
Getriebeübersetzung i:          10,910
Spannung [50Hz]:                220-240D/380-415Y
Bauform:                        M2A
Isolierklasse:                  Iso-Kl.:F (tmax=155°C)
Schutzart:                      IP54-Staubablage/Spritzwasser
Fremdlüfter:                    Nein
Motor-Bremse:                   Nein
Motorvollschutz (Thermofühler): Ja"
1870635,Lager NCF 2932 V SKF,"Zylinderrollenlager
NCF 2932 V
SKF"
1939189,Lager BC1-0313 SKF,"Lager
BC1-0313
SKF"
1874669,"Mutter M36x1,5 10007871 WEINIG","Mutter
M36 x 1,5
DA58 LG.7
10007871
WEINIG"
1885479,Lager 61832 2RSMW SKF,"Rillenkugellager
61832 2RS-MW
SKF"
1934173,Lager NJ2322ECML SKF,"Radial-Zylinderrollenlager
NJ-2322-ECML
SKF"
1939471,"O-Ring 33,2x2,4mm NBR70 0009632318 LINDE","O-Ring
33,2 x 2,4 mm
WST: NBR
70 Shore A
0009632318
LINDE"
1842833,Servomotor AKM32E-ACCNC-00,"Servomotor
Hersteller:                     KOLLMORGEN
Typbezeichnung:                 AKM32E-ACCNC-00
Leistung [kW]:                  0,100 kW
N1 Antriebsdrehzahl:            8.000,00 1/min
Antriebsmoment:                 2,04 NM
Spannung [50Hz]:                400V
Schutzart:                      IP54-Staubablage/Spritzwasser"
1937200,Lager YAR 215-2F SKF,"Spannlager
YAR 215-2F
SKF"
1921356,Lager 61907 2RZ SKF,"Rillenkugellager
61907 2RZ
SKF"
1876618,Lager NU 214 ECJ/C3 SKF,"Zylinderrollenlager
NU 214 ECJ/C3
SKF"
1913640,Lager 22328 CCKC3W33 SKF,"Pendelrollenlager
22328 CCK/C3W33
SKF"
1912980,Lager 6203 2RS1 VQ658 SKF,"Rillenkugellager
6203-2RS1-VQ658
SKF"
1874255,Mutter M36 ISO4032 5.2 schw.,"Mutter
M36
ISO4032
5.2
schwarz"
1880042,Lager 21311 EC3 SKF,"Pendelrollenlager
21311 E C3
SKF"
1788726,Servomotor 1FL60421AF612AA1,"Servomotor
Hersteller:                     Siemens
Typbezeichnung:                 1FL6042-1AF61-2AA1
Leistung [kW]:                  0,400 kW
Leistung [PS]:                  0,540 PS
N1 Antriebsdrehzahl:            3.000,00 1/min
N1 Antriebsdrehzahl max.:       4.000,00 1/min
Antriebsmoment:                 1,90 Nm
Antriebsmoment max.:            3,80 Nm
Spannung [50Hz]:                400 V
Bauform:                        B5
Isolierklasse:                  Iso-Kl.: B (tmax=130°C)
Schutzart:                      IP65-Staubdicht/Strahlwasser"
1958998,GT-Motor KH107TDRN160M4TF,"Getriebemotor
Hersteller:                     SEW
Typbezeichnung:                 KH107TDRN160M4TF
Leistung [kW]:                  11,000 kW
N1 Antriebsdrehzahl:            1.776,00 1/min
N2 Abtriebsdrehzahl:            18,00 1/min
Getriebeübersetzung i:          100,750
Spannung [60Hz]:                266/460
Bauform:                        M1-M2B
Isolierklasse:                  Iso-Kl.:F (tmax=155°C)
Schutzart:                      IP65-Staubdicht/Strahlwasser
Fremdlüfter:                    Nein
Motor-Bremse:                   Nein
Energieeffizienzklasse:         IE3 Premium Efficiency
Motorvollschutz (Thermofühler): Ja"
1902494,Lager 61840 SKF,"Rillenkugellager
61840 SKF
61840 FAG"
1893380,Lager NJ 2203 ECP SKF,"Zylinderrollenlager
NJ2203ECP
SKF"
1965457,GT-Motor KH77DRN100L4KCCTF,"Getriebemotor
Hersteller:                     SEW
Typbezeichnung:                 KH77DRN100L4KCCTF
Leistung [kW]:                  3,000 kW
Antriebsmoment (max):           1.550,00 NM
Antriebsmoment (nenn):          1.010,00 NM
N1 Antriebsdrehzahl:            1.456,00 1/min
N2 Abtriebsdrehzahl:            28,00 1/min
Getriebeübersetzung i:          51,180
Spannung [50Hz]:                230D/400Y
Bauform:                        M1B
Klemmkastenlage:                180 NORMAL
Isolierklasse:                  Iso-Kl.:F (tmax=155°C)
Schutzart:                      IP54-Staubablage/Spritzwasser
Energieeffizienzklasse:         IE3 Premium Efficiency
Motorvollschutz (Thermofühler): Ja"
1965539,GT-Motor KH77DRN112M4KCCTF,"Getriebemotor
Hersteller:                     SEW
Typbezeichnung:                 KH77DRN112M4KCCTF
Leistung [kW]:                  4,000 kW
Antriebsmoment (max):           1.550,00 NM
Antriebsmoment (nenn):          1.340,00 NM
N1 Antriebsdrehzahl:            1.464,00 1/min
N2 Abtriebsdrehzahl:            29,00 1/min
Getriebeübersetzung i:          51,180
Spannung [50Hz]:                230D/400Y
Bauform:                        M1A
Klemmkastenlage:                180 NORMAL
Isolierklasse:                  Iso-Kl.:F (tmax=155°C)
Schutzart:                      IP54-Staubablage/Spritzwasser
Energieeffizienzklasse:         IE3 Premium Efficiency
Motorvollschutz (Thermofühler): Ja"
1965541,GT-Motor KH77DRN100LS4BE5KCCTF,"Getriebemotor
Hersteller:                     SEW
Typbezeichnung:                 KH77DRN100LS4BE5KCCTF
Leistung [kW]:                  2,200 kW
Antriebsmoment (max):           1.550,00 NM
Antriebsmoment (nenn):          740,00 NM
N1 Antriebsdrehzahl:            1.450,00 1/min
N2 Abtriebsdrehzahl:            28,00 1/min
Getriebeübersetzung i:          51,180
Spannung [50Hz]:                230D/400Y
Bauform:                        M1B
Klemmkastenlage:                Normal
Isolierklasse:                  Iso-Kl.:F (tmax=155°C)
Schutzart:                      IP54-Staubablage/Spritzwasser
Motor-Bremse:                   Ja
Bremsgroesse:                   415VAC 28NM
Energieeffizienzklasse:         IE3 Premium Efficiency
Motorvollschutz (Thermofühler): Ja"
1965542,GT-Motor KH67DRN100LS4BE5KCCTFEI7C,"Getriebemotor
Hersteller:                     SEW
Typbezeichnung:                 KH67DRN100LS4BE5KCCTFEI7C
Leistung [kW]:                  2,200 kW
Antriebsmoment (max):           870,00 NM
Antriebsmoment (nenn):          515,00 NM
N1 Antriebsdrehzahl:            1.450,00 1/min
N2 Abtriebsdrehzahl:            41,00 1/min
Getriebeübersetzung i:          35,620
Spannung [50Hz]:                230D/400Y
Bauform:                        M1A
Klemmkastenlage:                180 NORMAL
Isolierklasse:                  Iso-Kl.:F (tmax=155°C)
Schutzart:                      IP54-Staubablage/Spritzwasser
Motor-Bremse:                   Ja
Bremsgroesse:                   415VAC 20NM
Energieeffizienzklasse:         IE3 Premium Efficiency
Motorvollschutz (Thermofühler): Ja"
1965581,GT-Motor RF37DRN80M4TH,"Getriebemotor
Hersteller:                     SEW
Typbezeichnung:                 RF37DRN80M4TH
Leistung [kW]:                  0,750 kW
Antriebsmoment (max):           200,00 NM
Antriebsmoment (nenn):          96,00 NM
N1 Antriebsdrehzahl:            1.440,00 1/min
N2 Abtriebsdrehzahl:            75,00 1/min
Getriebeübersetzung i:          19,310
Spannung [50Hz]:                230D/400Y
Bauform:                        M4
Klemmkastenlage:                Normal
Isolierklasse:                  Iso-Kl.:F (tmax=155°C)
Schutzart:                      IP54-Staubablage/Spritzwasser
Energieeffizienzklasse:         IE3 Premium Efficiency
Motorvollschutz (Thermofühler): Ja"
1958083,"Getriebe  R77A i=7,74 SEW","Getriebe
Hersteller:                     SEW
Typbezeichnung:                 R77A
N1 Antriebsdrehzahl:            1.400,00 1/min
N2 Abtriebsdrehzahl:            181,00 1/min
Drehmoment:                     610,00 NM
Getriebeübersetzung i:          7,740
Bauform:                        M1
Getriebeausführung:             Stirnradgetriebe"
1968299,GT-Motor RF37DRN90L2TH,"Getriebemotor
Hersteller:                     SEW
Typbezeichnung:                 RF37 DRN90L2/TH
Leistung [kW]:                  2,200 kW
Antriebsmoment (max):           144,00 Nm
Antriebsmoment (nenn):          48,00 Nm
N1 Antriebsdrehzahl:            2.905,00 1/min
N2 Abtriebsdrehzahl:            436,00 1/min
Getriebeübersetzung i:          6,670
Spannung [50Hz]:                230D/400Y
Bauform:                        M6
Baugröße:                       90L (H=90mm/Gehäuseausf.:L)
Klemmkastenlage:                270° Normal
Isolierklasse:                  Iso-Kl.: F (tmax=155°C)
Schutzart:                      IP54-Staubablage/Spritzwasser
Energieeffizienzklasse:         IE3 Premium Efficiency
Motorvollschutz (Thermofühler): Ja"
1960713,GT-Motor FA67DRN100LS4TF,"Getriebemotor
Hersteller:                     SEW
Typbezeichnung:                 FA67 DRN100LS4/TF
Leistung [kW]:                  2,200 kW
Antriebsmoment (max):           495,00 Nm
N1 Antriebsdrehzahl:            1.450,00 1/min
N2 Abtriebsdrehzahl:            43,00 1/min
Getriebeübersetzung i:          34,010
Spannung [50Hz]:                230D/400Y
Bauform:                        M1
Baugröße:                       100L (H=100mm/Gehäuseausf.:L)
Klemmkastenlage:                180° Normal
Isolierklasse:                  Iso-Kl.: F (tmax=155°C)
Schutzart:                      IP55-Staubablage/Strahlwasser
Fremdlüfter:                    Nein
Energieeffizienzklasse:         IE3 Premium Efficiency
Motorvollschutz (Thermofühler): Ja"
1958404,GT-Motor KH67DRN112M4BE5KCCTF,"Getriebemotor
Hersteller:                     SEW
Typbezeichnung:                 KH67 DRN112M4/BE5/KCC/TF
Leistung [kW]:                  4,000 kW
N1 Antriebsdrehzahl:            1.464,00 1/min
N2 Abtriebsdrehzahl:            83,00 1/min
Getriebeübersetzung i:          17,540
Spannung [50Hz]:                230D/400Y
Bauform:                        M3A
Baugröße:                       112M (H=112mm/Gehäuseausf.:M)
Klemmkastenlage:                180° Normal
Isolierklasse:                  Iso-Kl.: F (tmax=155°C)
Motor-Bremse:                   BE5
Bremsgroesse:                   400V AC 55Nm
Energieeffizienzklasse:         IE3 Premium Efficiency
Motorvollschutz (Thermofühler): Ja"
1959041,GT-Motor R67DRN112M4TFAL,"Getriebemotor
Hersteller:                     SEW
Typbezeichnung:                 R67DRN112M4TFAL
Leistung [kW]:                  4,000 kW
Antriebsmoment (max):           550,00 Nm
Antriebsmoment (nenn):          390,00 Nm
N1 Antriebsdrehzahl:            1.464,00 1/min
N2 Abtriebsdrehzahl:            98,00 1/min
Getriebeübersetzung i:          14,910
Spannung [50Hz]:                220-230D/380-400Y
Bauform:                        M3
Baugröße:                       112M (H=112mm/Gehäuseausf.:M)
Isolierklasse:                  Iso-Kl.: F (tmax=155°C)
Schutzart:                      IP55-Staubablage/Strahlwasser
Fremdlüfter:                    Nein
Motor-Bremse:                   Nein
Energieeffizienzklasse:         IE3 Premium Efficiency
Motorvollschutz (Thermofühler): Ja"
1898164,Lager 3305 A SKF,"Schrägkugellager 2-reihig
3305 A
SKF"
1957018,GT-Motor R103DV160M4,"Getriebemotor
Hersteller:                     SEW
Typbezeichnung:                 R103DV160M4
Leistung [kW]:                  11,000 kW
N1 Antriebsdrehzahl:            1.440,00 1/min
Abt.drehzahl pol-schaltbar N2:  42,00 1/min
Bauform:                        B3
Isolierklasse:                  Iso-Kl.:B (tmax=130°C)
Schutzart:                      IP54-Staubablage/Spritzwasser"
1970040,GT-Motor KH77TDRN100LS4BE5TH,"Getriebemotor
Hersteller:                     SEW
Typbezeichnung:                 KH77TDRN100LS4BE5TH
Leistung [kW]:                  2,200 kW
Antriebsmoment (max):           1.550,00 NM
Antriebsmoment (nenn):          1.130,00 NM
N1 Antriebsdrehzahl:            1.450,00 1/min
N2 Abtriebsdrehzahl:            19,00 1/min
Getriebeübersetzung i:          78,070
Spannung [50Hz]:                230D/400Y
Bauform:                        M1A
Klemmkastenlage:                180 NORMAL
Isolierklasse:                  Iso-Kl.:F (tmax=155°C)
Schutzart:                      IP55-Staubablage/Strahlwasser
Motor-Bremse:                   Ja
Bremsgroesse:                   230VAC 55NM
Energieeffizienzklasse:         IE3 Premium Efficiency
Motorvollschutz (Thermofühler): Ja"
1964138,GT-Motor R97DRN132M4TF,"Getriebemotor
Hersteller:                     SEW
Typbezeichnung:                 R97DRN132M4TF
Leistung [kW]:                  7,500 kW
Antriebsmoment (nenn):          1.090,00 NM
N1 Antriebsdrehzahl:            1.468,00 1/min
N2 Abtriebsdrehzahl:            66,00 1/min
Getriebeübersetzung i:          22,370
Spannung [50Hz]:                230D/400Y
Baugröße:                       132
Isolierklasse:                  Iso-Kl.:F (tmax=155°C)
Schutzart:                      IP55-Staubablage/Strahlwasser
Fremdlüfter:                    Nein
Motor-Bremse:                   Nein
Energieeffizienzklasse:         IE3 Premium Efficiency
Motorvollschutz (Thermofühler): Ja"
1958358,GT-Motor KA87DRN180L4TF,"Getriebemotor
Hersteller:                     SEW
Typbezeichnung:                 KA87 DRN180L4/TF
Leistung [kW]:                  22,000 kW
Antriebsmoment (max):           2.300,00 Nm
N1 Antriebsdrehzahl:            1.477,00 1/min
N2 Abtriebsdrehzahl:            76,00 1/min
Getriebeübersetzung i:          19,450
Spannung [50Hz]:                380-400D/660-690Y
Bauform:                        M3-M4A/45°
Baugröße:                       180L (H=180mm/Gehäuseausf.: L)
Klemmkastenlage:                Normal
Isolierklasse:                  Iso-Kl.: F (tmax=155°C)
Schutzart:                      IP55-Staubablage/Strahlwasser
Energieeffizienzklasse:         IE3 Premium Efficiency
Motorvollschutz (Thermofühler): Ja"
1860374,Servomotor AM8052-0L20-0000,"Servomotor
Herstellerteilenummer:          105061_BECKHOFF
Hersteller:                     Beckhoff
Typbezeichnung:                 AM8052-0L20-0000
N1 Antriebsdrehzahl:            7.300,00 1/min
Antriebsmoment:                 8,20 NM
Spannung [50Hz]:                400V
Bauform:                        B5
Isolierklasse:                  Iso-Kl.:F (tmax=155°C)
Schutzart:                      IP54-Staubablage/Spritzwasser"
1960662,GT-Motor R97DRN132S4TFV,"Getriebemotor
Hersteller:                     SEW
Typbezeichnung:                 R97DRN132S4TFV
Leistung [kW]:                  5,500 kW
Antriebsmoment (max):           3.000,00 NM
Antriebsmoment (nenn):          4.560,00 NM
N1 Antriebsdrehzahl:            1.461,00 1/min
N2 Abtriebsdrehzahl:            12,00 1/min
Getriebeübersetzung i:          126,750
Spannung [50Hz]:                230D/400Y
Bauform:                        M1
Klemmkastenlage:                Normal
Isolierklasse:                  Iso-Kl.:F (tmax=155°C)
Schutzart:                      IP55-Staubablage/Strahlwasser
Fremdlüfter:                    400V
Energieeffizienzklasse:         IE3 Premium Efficiency
Motorvollschutz (Thermofühler): Ja"
1959031,GT-Motor R77DRN100L4TFEK8R,"Getriebemotor
Hersteller:                     SEW
Typbezeichnung:                 R77DRN100L4TFEK8R
Leistung [kW]:                  3,000 kW
Antriebsmoment (max):           420,00 Nm
Antriebsmoment (nenn):          820,00 Nm
N1 Antriebsdrehzahl:            1.456,00 1/min
N2 Abtriebsdrehzahl:            82,00 1/min
Getriebeübersetzung i:          21,430
Spannung [50Hz]:                220-230D/380-400Y
Bauform:                        M3
Baugröße:                       100L (H=100mm/Gehäuseausf.:L)
Isolierklasse:                  Iso-Kl.: F (tmax=155°C)
Schutzart:                      IP54-Staubablage/Spritzwasser
Fremdlüfter:                    Nein
Motor-Bremse:                   Nein
Energieeffizienzklasse:         IE3 Premium Efficiency
Motorvollschutz (Thermofühler): Ja"
1958383,GT-Motor K77DRN112M4TFAL,"Getriebemotor
Hersteller:                     SEW
Typbezeichnung:                 K77 DRN112M4/TF/AL
Leistung [kW]:                  4,000 kW
Antriebsmoment (max):           1.550,00 Nm
Antriebsmoment (nenn):          1.040,00 Nm
N1 Antriebsdrehzahl:            1.464,00 1/min
N2 Abtriebsdrehzahl:            37,00 1/min
Getriebeübersetzung i:          40,040
Spannung [50Hz]:                220-230D/380-400Y
Bauform:                        M1A
Baugröße:                       112M (H=112mm/Gehäuseausf.:M)
Isolierklasse:                  Iso-Kl.: F (tmax=155°C)
Schutzart:                      IP55-Staubablage/Strahlwasser
Fremdlüfter:                    Nein
Motor-Bremse:                   Nein
Energieeffizienzklasse:         IE3 Premium Efficiency
Motorvollschutz (Thermofühler): Ja"
1959044,GT-Motor R27DRN80M4TFAL,"Getriebemotor
Hersteller:                     SEW
Typbezeichnung:                 R27 DRN80M4/TF/AL
Leistung [kW]:                  0,750 kW
Antriebsmoment (max):           130,00 Nm
Antriebsmoment (nenn):          66,00 Nm
N1 Antriebsdrehzahl:            1.440,00 1/min
N2 Abtriebsdrehzahl:            108,00 1/min
Getriebeübersetzung i:          13,280
Spannung [50Hz]:                220-230D/380-400Y
Bauform:                        M6
Baugröße:                       80M (H=80mm/Gehäuseausf.:M)
Isolierklasse:                  Iso-Kl.: F (tmax=155°C)
Schutzart:                      IP55-Staubablage/Strahlwasser
Fremdlüfter:                    Nein
Motor-Bremse:                   Nein
Energieeffizienzklasse:         IE3 Premium Efficiency
Motorvollschutz (Thermofühler): Ja"
1958379,GT-Motor KA97TR57DRN80MK4TFEK8RAL,"Getriebemotor
Hersteller:                     SEW
Typbezeichnung:                 KA97TR57DRN80MK4TFEK8RAL
Leistung [kW]:                  0,550 kW
Antriebsmoment (max):           4.300,00 Nm
Antriebsmoment (nenn):          2.460,00 Nm
N1 Antriebsdrehzahl:            1.435,00 1/min
N2 Abtriebsdrehzahl:            1,90 1/min
Getriebeübersetzung i:          743,000
Spannung [50Hz]:                220-24D/380-415Y
Bauform:                        M4B
Baugröße:                       80M (H=80mm/Gehäuseausf.:M)
Isolierklasse:                  Iso-Kl.: F (tmax=155°C)
Schutzart:                      IP55-Staubablage/Strahlwasser
Energieeffizienzklasse:         IE3 Premium Efficiency
Motorvollschutz (Thermofühler): Ja"
1961121,GT-Motor R87DRN132M4,"Getriebemotor
Hersteller:                     SEW
Typbezeichnung:                 R87DRN132M4
Leistung [kW]:                  7,500 kW
Antriebsmoment (max):           1.390,00 NM
Antriebsmoment (nenn):          830,00 NM
N1 Antriebsdrehzahl:            1.468,00 1/min
N2 Abtriebsdrehzahl:            86,00 1/min
Getriebeübersetzung i:          17,080
Spannung [50Hz]:                380-400D/660-690Y
Bauform:                        M1
Isolierklasse:                  Iso-Kl.:F (tmax=155°C)
Schutzart:                      IP55-Staubablage/Strahlwasser
Energieeffizienzklasse:         IE3 Premium Efficiency"
1958384,GT-Motor FA47GDRN90S4TFAL,"Getriebemotor
Hersteller:                     SEW
Typbezeichnung:                 FA47/G DRN90S4/TF/AL
Leistung [kW]:                  1,100 kW
Antriebsmoment (max):           450,00 Nm
Antriebsmoment (nenn):          79,00 Nm
N1 Antriebsdrehzahl:            1.455,00 1/min
N2 Abtriebsdrehzahl:            133,00 1/min
Getriebeübersetzung i:          10,970
Spannung [50Hz]:                220-230D/380-400Y
Bauform:                        M5
Baugröße:                       90S (H=90mm/Gehäuseausf.:S)
Isolierklasse:                  Iso-Kl.: F (tmax=155°C)
Schutzart:                      IP55-Staubablage/Strahlwasser
Fremdlüfter:                    Nein
Motor-Bremse:                   Nein
Energieeffizienzklasse:         IE3 Premium Efficiency
Motorvollschutz (Thermofühler): Ja"
1326130,"Kette 08A-3 12,7 1/2""x7,85mm DIN8188","Kette
08A-3
Teilung: 12,7
Teilung: 1/2""
Innere breite: 7,85mm
DIN 8188
ASA 40-3"
1810552,Wellendichtring 35x62x7 HMS5RG SKF,"Wellendichtring
35x62x7
HMS5RG
SKF"
1330560,Keilriemen SPZ 2500 LW OPTIBELT,"Keilriemen
SPZ-2500
Wirklänge                      2.500,0 mm
Außenlänge                     2.513,0 mm
Innenlänge                     2.462,0 mm
OPTIBELT"
1330663,"Kette 08A-2 12,7 1/2”x7,85mm DIN8188","Kette
08A-2
Teilung: 12,7
Teilung: 1/2""
Innere breite: 7,85mm
DIN 8188
ASA40"
1820982,Modul 6SN1123-1AA00-0CA1 SIEMENS,Modul 6SN1123-1AA00-0CA1 SIEMENS
1813919,Servomotor 1PH7101-7JF03-0BB3-Z M39,"Servomotor
Hersteller:                     Siemens
Typbezeichnung:                 1PH7101-7JF03-0BB3-Z M39
Leistung [kW]:                  3,800 kW
N1 Antriebsdrehzahl:            1.750,00 1/min
Spannung [50Hz]:                398Y
Baugröße:                       B35
Isolierklasse:                  Iso-Kl.:F (tmax=155°C)
Schutzart:                      IP54-Staubablage/Spritzwasser"
1813928,Servomotor 1PH7163-7HF33-0BB3-Z M39,"Servomotor
Hersteller:                     Siemens
Typbezeichnung:                 1PH7163-7HF33-0BB3-Z M39
Leistung [kW]:                  31,000 kW
N1 Antriebsdrehzahl:            1.750,00 1/min
Spannung [50Hz]:                364Y
Bauform:                        B35
Isolierklasse:                  Iso-Kl.:F (tmax=155°C)
Schutzart:                      IP54-Staubablage/Spritzwasser"
1813952,Servomotor 1PH7167-7HG33-0BB3-Z M39,"Servomotor
Hersteller:                     Siemens
Typbezeichnung:                 1PH7167-7HG33-0BB3-Z M39
Leistung [kW]:                  40,000 kW
N1 Antriebsdrehzahl:            2.300,00 1/min
Spannung [50Hz]:                400Y
Bauform:                        B35
Isolierklasse:                  Iso-Kl.:F (tmax=155°C)
Schutzart:                      IP54-Staubablage/Spritzwasser"
1814145,Servomotor 1PH8186-1HF132BD1-Z,"Servomotor
Hersteller:                     Siemens
Typbezeichnung:                 1PH8186-1HF132BD1-Z
Leistung [kW]:                  94,000 kW
N1 Antriebsdrehzahl:            2.200,00 1/min
Bauform:                        B35
Isolierklasse:                  Iso-Kl.:H (tmax=180°C)
Schutzart:                      IP55-Staubablage/Strahlwasser"
139088,Wellendichtring 35x62x10 BASL,"Wellendichtring
35x62x10
BASL"
1818152,Servomotor 1FT6086-8AH71-1EB0,"Servomotor
Hersteller:                     Siemens
Typbezeichnung:                 1FT6086-8AH71-1EB0
N1 Antriebsdrehzahl:            4.500,00 1/min
Antriebsmoment:                 10,80 NM
Spannung [50Hz]:                333V
Isolierklasse:                  Iso-Kl.:F (tmax=155°C)
Schutzart:                      IP64-Staubdicht/Spritzwasser
Motor-Bremse:                   Nein"
1818172,Servomotor 1FT6105-8AF71-1EB0,"Servomotor
Hersteller:                     Siemens
Typbezeichnung:                 1FT6105-8AF71-1EB0
N1 Antriebsdrehzahl:            3.000,00 1/min
Antriebsmoment:                 28,00 NM
Spannung [50Hz]:                297V
Schutzart:                      IP64-Staubdicht/Spritzwasser
Motor-Bremse:                   Ja"
1806163,Servomotor 1FT7108-5SF71-1CB0-Z,"Servomotor
Hersteller:                     Siemens
Typbezeichnung:                 1FT7108-5SF71-1CB0-Z
N1 Antriebsdrehzahl:            6.000,00 1/min
Antriebsmoment:                 60,00 NM
Isolierklasse:                  Iso-Kl.:F (tmax=155°C)
Schutzart:                      IP55-Staubablage/Strahlwasser
Motor-Bremse:                   24DC"
1806170,Servomotor 1FK7105-2AF71-1RB0-Z,"Servomotor
Hersteller:                     Siemens
Typbezeichnung:                 1FK7105-2AF71-1RB0-Z
N1 Antriebsdrehzahl:            3.000,00 1/min
N1 Antriebsdrehzahl:            5.000,00 1/min
Antriebsmoment:                 26,00 NM
Isolierklasse:                  Iso-Kl.:F (tmax=155°C)
Schutzart:                      IP64-Staubdicht/Spritzwasser
Motor-Bremse:                   24DC"
1806172,Servomotor 1FT7105-5SF70-1CA0,"Servomotor
Hersteller:                     Siemens
Typbezeichnung:                 1FT7105-5SF70-1CA0
N1 Antriebsdrehzahl:            3.000,00 1/min
Antriebsmoment:                 48,00 NM
Isolierklasse:                  Iso-Kl.:F (tmax=155°C)
Schutzart:                      IP55-Staubablage/Strahlwasser"
1806200,Servomotor 1PH7133-7HF03-0BB3-ZNOYF,"Servomotor
Hersteller:                     Siemens
Typbezeichnung:                 1PH7133-7HF03-0BB3-ZNOYF
Leistung [kW]:                  13,500 kW
N1 Antriebsdrehzahl:            1.500,00 1/min
Bauform:                        B35
Isolierklasse:                  Iso-Kl.:F (tmax=155°C)
Schutzart:                      IP55-Staubablage/Strahlwasser"
1805162,Servomotor 1FT7105-5AF71-CB0-Z,"Servomotor
Hersteller:                     Siemens
Typbezeichnung:                 1FT7105-5AF71-CB0-Z
N1 Antriebsdrehzahl:            3.000,00 1/min
Antriebsmoment:                 28,00 NM
Isolierklasse:                  Iso-Kl.:F (tmax=155°C)
Schutzart:                      IP55-Staubablage/Strahlwasser"
185854,"Kette 08A-1 12,70 1/2""x7,85mm DIN8188","Einfach Rollenkette
08A-1
Teilung: 12,70mm (1/2"")
Innere Breite: 7,85mm
DIN 8188

40R5MT_HITACHI
L85AANSI40_IWIS"
175254,Wellendichtring 35x65x10 BASL,"Wellendichtring
35x65x10
BASL"
826630,Keilriemen SPA 2532 LW,"Keilriemen
SPA 2532mm LW
Wirklänge ISO LW 2532mm
Innenlänge LI 2487mm
Außenlänge LA 2550mm"
1908717,Lager E1K C3 23152 SKF,"Lager
E1K C3
23152
SKF"
1904131,Lager NU320ECJ SKF,"Lager
NU320ECJ
SKF"
1904507,Lager 1210 SKF,"Lager
1210
SKF"
1960351,GT-Motor SA57DRN90L4,"Getriebemotor
Hersteller:                     SEW
Typbezeichnung:                 SA57DRN90L4
Leistung [kW]:                  1,500 kW
Antriebsmoment (max):           168,00 NM
N1 Antriebsdrehzahl:            1.461,00 1/min
N2 Abtriebsdrehzahl:            89,00 1/min
Getriebeübersetzung i:          16,470
Spannung [50Hz]:                230D/400Y
Bauform:                        M1A
Klemmkastenlage:                270 NORMAL
Isolierklasse:                  Iso-Kl.:F (tmax=155°C)
Schutzart:                      IP55-Staubablage/Strahlwasser
Energieeffizienzklasse:         IE3 Premium Efficiency"
108665,Wellendichtring 35x62x7 BASL,"Wellendichtring
35x62x7
BASL"
469489,Mutter M8 DIN6334 L=24mm verz.,"Verlängerungsmutter 3d hoch
M8 L = 24mm
DIN 6334
Automatenstahl
verzinkt"
1617605,Keilriemen SPA 2500 LW Red Power,"Keilriemen
SPA 2.500 mm LW Red Power
Wirklänge ISO LW 2.500 mm
Innenlänge LI 2.455 mm
Außenlänge LA 2.518 mm"
